{
    "SessionStartTime": "2025-11-27 19:13:26",
    "Rounds": [
        {
            "GestureName": "1grabbing",
            "FinalScore": 60.7599983215332,
            "FinishScore": 84,
            "ReferenceScore": 61,
            "RuleScore": 100,
            "TimeTaken": 8.210000038146973,
            "mode": 1,
            "NextDifficulty": 2
        },
        {
            "GestureName": "1grabbing",
            "FinalScore": 83.16999816894531,
            "FinishScore": 83,
            "ReferenceScore": 61,
            "RuleScore": 100,
            "TimeTaken": 0.009999999776482582,
            "mode": 0,
            "NextDifficulty": 2
        },
        {
            "GestureName": "2dislike",
            "FinalScore": 72.12000274658203,
            "FinishScore": 67,
            "ReferenceScore": 36,
            "RuleScore": 75,
            "TimeTaken": 1.1699999570846558,
            "mode": 0,
            "NextDifficulty": 3
        }
    ]
}